id,company,primary_area,secondary_areas,home_market,research_group,asset_hypothesis,ai_use_case,feedback_hypothesis,principal_risk,proof_kpi,evidence_stage,company_source_ids,source_scope,evidence_confidence,score_kind,structural_prior,asset,ai_leverage,feedback,testability,distribution,capture,valuation_status,valuation_date,price,fair_value,valuation_score,diligence_priority,investable_status,as_of
C001,Sanofi,H01,,France,Health Care,"Immunology and vaccine research, clinical cohorts and trial infrastructure","Use multimodal models and active learning to improve target selection, molecule design and trial stratification. The valuable outcome is more clinically useful candidates per research euro.","Longitudinal experiments, failed compounds, clinical cohorts and trial infrastructure outcomes can improve decisions only if reusable rights and labels exist.",R&D productivity must translate into clinical successes beyond existing leading franchises,Phase II-to-III transition rate by entry cohort; risk-adjusted pipeline value per R&D euro; time and spend to kill weak programmes,E1,S03,company-specific description,limited,analyst structural prior; not evidence-validated,92.0,5,4,5,3,5,5,NOT_ASSESSED,,,,,P1,RESEARCH_ONLY,2026-09-11
C002,Roche,H01,H02,Switzerland,Health Care,Combined pharmaceutical research and diagnostic relationships,"Use multimodal models and active learning to improve target selection, molecule design and trial stratification. The valuable outcome is more clinically useful candidates per research euro.","Longitudinal experiments, failed compounds, clinical cohorts and trial infrastructure outcomes can improve decisions only if reusable rights and labels exist.",Diagnostic access does not automatically permit linking or reusing patient-level data,Phase II-to-III transition rate by entry cohort; risk-adjusted pipeline value per R&D euro; time and spend to kill weak programmes,E0,,no company-specific source reviewed,low,analyst structural prior; not evidence-validated,92.0,5,4,5,3,5,5,NOT_ASSESSED,,,,,P1,RESEARCH_ONLY,2026-09-11
C003,AstraZeneca,H01,,United Kingdom,Health Care,Oncology and broader clinical-development engine,"Use multimodal models and active learning to improve target selection, molecule design and trial stratification. The valuable outcome is more clinically useful candidates per research euro.","Longitudinal experiments, failed compounds, clinical cohorts and trial infrastructure outcomes can improve decisions only if reusable rights and labels exist.",Pipeline breadth can mask correlated clinical and commercial risks,Phase II-to-III transition rate by entry cohort; risk-adjusted pipeline value per R&D euro; time and spend to kill weak programmes,E0,,no company-specific source reviewed,low,analyst structural prior; not evidence-validated,92.0,5,4,5,3,5,5,NOT_ASSESSED,,,,,P1,RESEARCH_ONLY,2026-09-11
C004,Novartis,H01,,Switzerland,Health Care,Therapeutic expertise and global clinical-development operations,"Use multimodal models and active learning to improve target selection, molecule design and trial stratification. The valuable outcome is more clinically useful candidates per research euro.","Longitudinal experiments, failed compounds, clinical cohorts and trial infrastructure outcomes can improve decisions only if reusable rights and labels exist.",Portfolio simplification alone can explain productivity gains,Phase II-to-III transition rate by entry cohort; risk-adjusted pipeline value per R&D euro; time and spend to kill weak programmes,E0,,no company-specific source reviewed,low,analyst structural prior; not evidence-validated,92.0,5,4,5,3,5,5,NOT_ASSESSED,,,,,P2,RESEARCH_ONLY,2026-09-11
C005,Novo Nordisk,H01,,Denmark,Health Care,Metabolic disease expertise and longitudinal development experience,"Use multimodal models and active learning to improve target selection, molecule design and trial stratification. The valuable outcome is more clinically useful candidates per research euro.","Longitudinal experiments, failed compounds, clinical cohorts and trial infrastructure outcomes can improve decisions only if reusable rights and labels exist.",Concentration and competition may dominate any AI gain,Phase II-to-III transition rate by entry cohort; risk-adjusted pipeline value per R&D euro; time and spend to kill weak programmes,E0,,no company-specific source reviewed,low,analyst structural prior; not evidence-validated,85.0,5,4,4,3,5,4,NOT_ASSESSED,,,,,P2,RESEARCH_ONLY,2026-09-11
C006,Eli Lilly,H01,,United States,Health Care,Metabolic and neuroscience development and manufacturing knowledge,"Use multimodal models and active learning to improve target selection, molecule design and trial stratification. The valuable outcome is more clinically useful candidates per research euro.","Longitudinal experiments, failed compounds, clinical cohorts and trial infrastructure outcomes can improve decisions only if reusable rights and labels exist.",An excellent engine can still be a poor investment at an excessive price,Phase II-to-III transition rate by entry cohort; risk-adjusted pipeline value per R&D euro; time and spend to kill weak programmes,E0,,no company-specific source reviewed,low,analyst structural prior; not evidence-validated,92.0,5,4,5,3,5,5,NOT_ASSESSED,,,,,P2,RESEARCH_ONLY,2026-09-11
C007,Siemens Healthineers,H02,,Germany,Health Care,Imaging installed base and clinical workflow integration,"AI can improve image reconstruction, diagnostic workflow and procedure planning, allowing each installed system to handle more useful clinical work.","Installed instruments, imaging or procedure data, clinician relationships and service networks outcomes can improve decisions only if reusable rights and labels exist.",Hospital data rights and reimbursement constrain capture,Quality-adjusted procedures per installed unit; repeat-scan rate; software attach and renewal rate,E0,,no company-specific source reviewed,low,analyst structural prior; not evidence-validated,85.0,5,4,4,3,5,4,NOT_ASSESSED,,,,,P2,RESEARCH_ONLY,2026-09-11
C008,Medtronic,H02,,Ireland,Health Care,Device installed base and procedure-specific expertise,"AI can improve image reconstruction, diagnostic workflow and procedure planning, allowing each installed system to handle more useful clinical work.","Installed instruments, imaging or procedure data, clinician relationships and service networks outcomes can improve decisions only if reusable rights and labels exist.",Regulatory execution and product quality may overwhelm workflow gains,Quality-adjusted procedures per installed unit; repeat-scan rate; software attach and renewal rate,E0,,no company-specific source reviewed,low,analyst structural prior; not evidence-validated,77.0,4,3,4,3,5,4,NOT_ASSESSED,,,,,P2,RESEARCH_ONLY,2026-09-11
C009,Intuitive Surgical,H02,,United States,Health Care,"Surgical platform, instruments and procedure ecosystem","AI can improve image reconstruction, diagnostic workflow and procedure planning, allowing each installed system to handle more useful clinical work.","Installed instruments, imaging or procedure data, clinician relationships and service networks outcomes can improve decisions only if reusable rights and labels exist.","Procedure data rights, clinical evidence and competing platforms",Quality-adjusted procedures per installed unit; repeat-scan rate; software attach and renewal rate,E0,,no company-specific source reviewed,low,analyst structural prior; not evidence-validated,92.0,5,4,5,3,5,5,NOT_ASSESSED,,,,,P2,RESEARCH_ONLY,2026-09-11
C010,Thermo Fisher Scientific,H03,,United States,Health Care,"Laboratory tools, consumables and service relationships","AI can automate experimental design, improve assay yield and shorten trial recruitment or monitoring work.","Instrument footprints, assay protocols, laboratory workflows and trial operations outcomes can improve decisions only if reusable rights and labels exist.",Customers may own the useful data and retain the productivity gain,Successful experiments per instrument-day; trial enrollment time; service contribution per project,E0,,no company-specific source reviewed,low,analyst structural prior; not evidence-validated,87.0,4,4,4,4,5,5,NOT_ASSESSED,,,,,P2,RESEARCH_ONLY,2026-09-11
C011,Danaher,H03,,United States,Health Care,Diagnostics and life-science instrument workflows,"AI can automate experimental design, improve assay yield and shorten trial recruitment or monitoring work.","Instrument footprints, assay protocols, laboratory workflows and trial operations outcomes can improve decisions only if reusable rights and labels exist.",End-market recovery can masquerade as structural productivity,Successful experiments per instrument-day; trial enrollment time; service contribution per project,E0,,no company-specific source reviewed,low,analyst structural prior; not evidence-validated,87.0,4,4,4,4,5,5,NOT_ASSESSED,,,,,P2,RESEARCH_ONLY,2026-09-11
C012,IQVIA,H03,,United States,Health Care,Healthcare data assets and clinical-research operations,"AI can automate experimental design, improve assay yield and shorten trial recruitment or monitoring work.","Instrument footprints, assay protocols, laboratory workflows and trial operations outcomes can improve decisions only if reusable rights and labels exist.",Restrictions on data use and sponsor procurement pressure,Successful experiments per instrument-day; trial enrollment time; service contribution per project,E0,,no company-specific source reviewed,low,analyst structural prior; not evidence-validated,85.0,5,4,4,3,5,4,NOT_ASSESSED,,,,,P2,RESEARCH_ONLY,2026-09-11
C013,HCA Healthcare,H04,,United States,Health Care,Hospital operations and clinical capacity,AI can reduce documentation and scheduling work and improve appropriate care coordination.,"Care-delivery workflows, appointment capacity and claims or clinical records under restricted rights outcomes can improve decisions only if reusable rights and labels exist.","Labor, reimbursement and care quality may absorb benefits",Clinician time per completed encounter; waiting time; risk-adjusted cost per member,E0,,no company-specific source reviewed,low,analyst structural prior; not evidence-validated,65.0,3,3,4,3,5,2,NOT_ASSESSED,,,,,P2,RESEARCH_ONLY,2026-09-11
C014,UnitedHealth Group,H04,F01,United States,Health Care,Care and insurance workflows across a complex organization,AI can reduce documentation and scheduling work and improve appropriate care coordination.,"Care-delivery workflows, appointment capacity and claims or clinical records under restricted rights outcomes can improve decisions only if reusable rights and labels exist.","Clinical, governance and reimbursement risks demand a separate review",Clinician time per completed encounter; waiting time; risk-adjusted cost per member,E0,,no company-specific source reviewed,low,analyst structural prior; not evidence-validated,73.0,4,4,4,3,5,2,NOT_ASSESSED,,,,,P2,RESEARCH_ONLY,2026-09-11
C015,Munich Re,F01,,Germany,Financials,"Reinsurance exposure history, underwriting and specialty risk expertise","AI can interpret submissions, find fraud and improve risk selection. Reinsurance has sparse tail labels, unlike frequent retail claims.","Claims histories, exposure records, distribution and underwriting expertise outcomes can improve decisions only if reusable rights and labels exist.",Tail events are sparse and historical correlations can fail,Accident-year loss ratio adjusted for price and mix; claims expense per resolved claim; new-business risk-adjusted return,E0,,no company-specific source reviewed,low,analyst structural prior; not evidence-validated,87.0,5,4,4,2,5,5,NOT_ASSESSED,,,,,P1,RESEARCH_ONLY,2026-09-11
C016,Swiss Re,F01,,Switzerland,Financials,Global reinsurance portfolios and risk-modeling experience,"AI can interpret submissions, find fraud and improve risk selection. Reinsurance has sparse tail labels, unlike frequent retail claims.","Claims histories, exposure records, distribution and underwriting expertise outcomes can improve decisions only if reusable rights and labels exist.",Shared industry models can erode differentiation,Accident-year loss ratio adjusted for price and mix; claims expense per resolved claim; new-business risk-adjusted return,E0,,no company-specific source reviewed,low,analyst structural prior; not evidence-validated,83.0,5,4,4,2,5,4,NOT_ASSESSED,,,,,P2,RESEARCH_ONLY,2026-09-11
C017,Allianz,F01,,Germany,Financials,Insurance distribution and diversified claims books,"AI can interpret submissions, find fraud and improve risk selection. Reinsurance has sparse tail labels, unlike frequent retail claims.","Claims histories, exposure records, distribution and underwriting expertise outcomes can improve decisions only if reusable rights and labels exist.",Complex integration and repricing may consume savings,Accident-year loss ratio adjusted for price and mix; claims expense per resolved claim; new-business risk-adjusted return,E0,,no company-specific source reviewed,low,analyst structural prior; not evidence-validated,81.0,4,4,4,3,5,4,NOT_ASSESSED,,,,,P2,RESEARCH_ONLY,2026-09-11
C018,Chubb,F01,,Switzerland,Financials,Commercial insurance underwriting and claims expertise,"AI can interpret submissions, find fraud and improve risk selection. Reinsurance has sparse tail labels, unlike frequent retail claims.","Claims histories, exposure records, distribution and underwriting expertise outcomes can improve decisions only if reusable rights and labels exist.",Hard-market pricing must be separated from AI risk selection,Accident-year loss ratio adjusted for price and mix; claims expense per resolved claim; new-business risk-adjusted return,E0,,no company-specific source reviewed,low,analyst structural prior; not evidence-validated,85.0,5,4,4,3,5,4,NOT_ASSESSED,,,,,P1,RESEARCH_ONLY,2026-09-11
C019,Progressive,F01,,United States,Financials,Auto claims and telematics-related pricing experience,"AI can interpret submissions, find fraud and improve risk selection. Reinsurance has sparse tail labels, unlike frequent retail claims.","Claims histories, exposure records, distribution and underwriting expertise outcomes can improve decisions only if reusable rights and labels exist.",Competitors and regulation can narrow incremental pricing advantage,Accident-year loss ratio adjusted for price and mix; claims expense per resolved claim; new-business risk-adjusted return,E0,,no company-specific source reviewed,low,analyst structural prior; not evidence-validated,94.0,5,5,5,4,5,4,NOT_ASSESSED,,,,,P2,RESEARCH_ONLY,2026-09-11
C020,AIA Group,F02,,Hong Kong,Financials,Asian life-insurance distribution and policy relationships,"AI can improve adviser capacity, policy servicing and client retention. Life underwriting needs long observation periods, while investment research faces crowded signals.","Policyholder relationships, adviser networks, investment workflows and administrative records outcomes can improve decisions only if reusable rights and labels exist.",Long-duration claims labels and regional regulation,Cost per policy or account; adviser assets serviced; persistency or organic net flows,E0,,no company-specific source reviewed,low,analyst structural prior; not evidence-validated,71.0,4,3,4,2,5,3,NOT_ASSESSED,,,,,P2,RESEARCH_ONLY,2026-09-11
C021,BlackRock,F02,I02,United States,Financials,"Investment workflows, client distribution and Aladdin platform","AI can improve adviser capacity, policy servicing and client retention. Life underwriting needs long observation periods, while investment research faces crowded signals.","Policyholder relationships, adviser networks, investment workflows and administrative records outcomes can improve decisions only if reusable rights and labels exist.",Markets lift assets independently of AI and fee pressure persists,Cost per policy or account; adviser assets serviced; persistency or organic net flows,E0,,no company-specific source reviewed,low,analyst structural prior; not evidence-validated,85.0,4,4,4,3,5,5,NOT_ASSESSED,,,,,P2,RESEARCH_ONLY,2026-09-11
C022,Manulife,F02,,Canada,Financials,Life insurance and wealth-service customer relationships,"AI can improve adviser capacity, policy servicing and client retention. Life underwriting needs long observation periods, while investment research faces crowded signals.","Policyholder relationships, adviser networks, investment workflows and administrative records outcomes can improve decisions only if reusable rights and labels exist.",Legacy systems and market-sensitive earnings,Cost per policy or account; adviser assets serviced; persistency or organic net flows,E0,,no company-specific source reviewed,low,analyst structural prior; not evidence-validated,67.0,3,3,4,2,5,3,NOT_ASSESSED,,,,,P2,RESEARCH_ONLY,2026-09-11
C023,JPMorgan Chase,F03,,United States,Financials,"Deposit distribution, transaction history and credit outcomes","AI can improve fraud controls, service capacity and credit decisions while automating document-heavy operations.","Deposit franchises, transaction histories, credit outcomes and regulated distribution outcomes can improve decisions only if reusable rights and labels exist.",Credit cycles and funding costs can swamp measured AI gains,Cost-to-income at constant business mix; fraud loss per transaction; vintage default and risk-adjusted return,E2,S09,company-specific description,limited,analyst structural prior; not evidence-validated,87.0,5,4,4,4,5,4,NOT_ASSESSED,,,,,P1,RESEARCH_ONLY,2026-09-11
C024,DBS Group,F03,,Singapore,Financials,Integrated regional banking and digital workflows,"AI can improve fraud controls, service capacity and credit decisions while automating document-heavy operations.","Deposit franchises, transaction histories, credit outcomes and regulated distribution outcomes can improve decisions only if reusable rights and labels exist.",Concentrated geographic and credit exposures,Cost-to-income at constant business mix; fraud loss per transaction; vintage default and risk-adjusted return,E0,,no company-specific source reviewed,low,analyst structural prior; not evidence-validated,83.0,4,4,4,4,5,4,NOT_ASSESSED,,,,,P2,RESEARCH_ONLY,2026-09-11
C025,ICICI Bank,F03,,India,Financials,Retail banking distribution and digital transactions,"AI can improve fraud controls, service capacity and credit decisions while automating document-heavy operations.","Deposit franchises, transaction histories, credit outcomes and regulated distribution outcomes can improve decisions only if reusable rights and labels exist.",Rapid credit growth can hide vintage risk,Cost-to-income at constant business mix; fraud loss per transaction; vintage default and risk-adjusted return,E0,,no company-specific source reviewed,low,analyst structural prior; not evidence-validated,79.0,4,4,4,4,5,3,NOT_ASSESSED,,,,,P2,RESEARCH_ONLY,2026-09-11
C026,Visa,F04,,United States,Financials,Network fraud signals and merchant-issuer connectivity,AI can identify fraud and reduce false declines using context that individual merchants or issuers cannot easily reproduce.,"Network-level transactions, merchant relationships and fraud outcome signals outcomes can improve decisions only if reusable rights and labels exist.",Account-to-account alternatives and fee regulation,Fraud basis points at fixed approval rate; false declines; net risk-service revenue per client,E1,S10,company-specific description,limited,analyst structural prior; not evidence-validated,98.0,5,5,5,4,5,5,NOT_ASSESSED,,,,,P1,RESEARCH_ONLY,2026-09-11
C027,Mastercard,F04,,United States,Financials,Payment network and risk-service relationships,AI can identify fraud and reduce false declines using context that individual merchants or issuers cannot easily reproduce.,"Network-level transactions, merchant relationships and fraud outcome signals outcomes can improve decisions only if reusable rights and labels exist.",Alternative rails and service commoditization,Fraud basis points at fixed approval rate; false declines; net risk-service revenue per client,E0,,no company-specific source reviewed,low,analyst structural prior; not evidence-validated,98.0,5,5,5,4,5,5,NOT_ASSESSED,,,,,P2,RESEARCH_ONLY,2026-09-11
C028,Adyen,F04,,Netherlands,Financials,Merchant payments integration and cross-channel transaction context,AI can identify fraud and reduce false declines using context that individual merchants or issuers cannot easily reproduce.,"Network-level transactions, merchant relationships and fraud outcome signals outcomes can improve decisions only if reusable rights and labels exist.",Merchant concentration and pricing competition,Fraud basis points at fixed approval rate; false declines; net risk-service revenue per client,E0,,no company-specific source reviewed,low,analyst structural prior; not evidence-validated,83.0,4,4,4,4,5,4,NOT_ASSESSED,,,,,P2,RESEARCH_ONLY,2026-09-11
C029,S&P Global,F05,,United States,Financials,"Ratings, benchmarks, financial data and analytical workflows","AI can turn curated records into underwriting, research and compliance decisions with less manual reconciliation.","Permissioned credit histories, market records, ratings expertise and licensed data feeds outcomes can improve decisions only if reusable rights and labels exist.",Public data and licensing costs can limit proprietary advantage,Paid AI attach; net retention; analyst or onboarding time at fixed error rate,E0,,no company-specific source reviewed,low,analyst structural prior; not evidence-validated,89.0,5,4,4,3,5,5,NOT_ASSESSED,,,,,P2,RESEARCH_ONLY,2026-09-11
C030,Moody's,F05,,United States,Financials,Credit expertise and analytics relationships,"AI can turn curated records into underwriting, research and compliance decisions with less manual reconciliation.","Permissioned credit histories, market records, ratings expertise and licensed data feeds outcomes can improve decisions only if reusable rights and labels exist.",Credit issuance cycles and model commoditization,Paid AI attach; net retention; analyst or onboarding time at fixed error rate,E0,,no company-specific source reviewed,low,analyst structural prior; not evidence-validated,89.0,5,4,4,3,5,5,NOT_ASSESSED,,,,,P2,RESEARCH_ONLY,2026-09-11
C031,Experian,F05,,Ireland,Financials,Consumer and business credit files and decision workflows,"AI can turn curated records into underwriting, research and compliance decisions with less manual reconciliation.","Permissioned credit histories, market records, ratings expertise and licensed data feeds outcomes can improve decisions only if reusable rights and labels exist.","Consent, fairness and data portability constrain exclusivity",Paid AI attach; net retention; analyst or onboarding time at fixed error rate,E0,,no company-specific source reviewed,low,analyst structural prior; not evidence-validated,94.0,5,5,5,4,5,4,NOT_ASSESSED,,,,,P1,RESEARCH_ONLY,2026-09-11
C032,London Stock Exchange Group,F05,,United Kingdom,Financials,"Market data, benchmarks and financial workflow distribution","AI can turn curated records into underwriting, research and compliance decisions with less manual reconciliation.","Permissioned credit histories, market records, ratings expertise and licensed data feeds outcomes can improve decisions only if reusable rights and labels exist.",Supplier licensing and platform integration costs,Paid AI attach; net retention; analyst or onboarding time at fixed error rate,E0,,no company-specific source reviewed,low,analyst structural prior; not evidence-validated,89.0,5,4,4,3,5,5,NOT_ASSESSED,,,,,P2,RESEARCH_ONLY,2026-09-11
C033,Intercontinental Exchange,F05,,United States,Financials,"Exchange, data and mortgage workflow infrastructure","AI can turn curated records into underwriting, research and compliance decisions with less manual reconciliation.","Permissioned credit histories, market records, ratings expertise and licensed data feeds outcomes can improve decisions only if reusable rights and labels exist.",Financial cycles and uneven segment-level capture,Paid AI attach; net retention; analyst or onboarding time at fixed error rate,E0,,no company-specific source reviewed,low,analyst structural prior; not evidence-validated,89.0,5,4,4,3,5,5,NOT_ASSESSED,,,,,P2,RESEARCH_ONLY,2026-09-11
C034,RELX,I01,F05;H03,United Kingdom,Information Technology,Enriched professional content and decision workflows,"AI can convert reference content into validated research, drafting and compliance work.","Editorial enrichment, citations, licensed archives and trusted professional workflows outcomes can improve decisions only if reusable rights and labels exist.",Generic agents may weaken seats while trusted content retains value,Net revenue per customer after seat changes; paid AI renewals; verified task completion cost,E2,S04,company-specific description,limited,analyst structural prior; not evidence-validated,95.0,5,5,4,4,5,5,NOT_ASSESSED,,,,,P1,RESEARCH_ONLY,2026-09-11
C035,Wolters Kluwer,I01,H02;I02,Netherlands,Information Technology,"Tax, clinical and compliance content embedded in expert tools","AI can convert reference content into validated research, drafting and compliance work.","Editorial enrichment, citations, licensed archives and trusted professional workflows outcomes can improve decisions only if reusable rights and labels exist.",Tenant data restrictions and willingness to pay for AI add-ons,Net revenue per customer after seat changes; paid AI renewals; verified task completion cost,E1,S06,company-specific description,limited,analyst structural prior; not evidence-validated,91.0,5,4,4,4,5,5,NOT_ASSESSED,,,,,P1,RESEARCH_ONLY,2026-09-11
C036,Thomson Reuters,I01,,Canada,Information Technology,Legal and tax content with verification and workflow tools,"AI can convert reference content into validated research, drafting and compliance work.","Editorial enrichment, citations, licensed archives and trusted professional workflows outcomes can improve decisions only if reusable rights and labels exist.",Customer content is not available for a pooled training flywheel,Net revenue per customer after seat changes; paid AI renewals; verified task completion cost,E1,S05,company-specific description,limited,analyst structural prior; not evidence-validated,91.0,5,4,4,4,5,5,NOT_ASSESSED,,,,,P1,RESEARCH_ONLY,2026-09-11
C037,Intuit,I02,,United States,Information Technology,"Accounting, tax and small-business transaction workflows","AI can perform more bookkeeping, payroll, compliance or industry-specific administration inside the existing workflow.","Domain-specific systems of record, transaction context and implementation knowledge outcomes can improve decisions only if reusable rights and labels exist.","Seat substitution, competition and support costs of autonomous work",Net revenue per customer; verified tasks completed per support hour; AI contribution margin,E1,S07,company-specific description,limited,analyst structural prior; not evidence-validated,91.0,5,5,4,4,5,4,NOT_ASSESSED,,,,,P1,RESEARCH_ONLY,2026-09-11
C038,Veeva Systems,I02,,United States,Information Technology,Life-sciences commercial and development software workflows,"AI can perform more bookkeeping, payroll, compliance or industry-specific administration inside the existing workflow.","Domain-specific systems of record, transaction context and implementation knowledge outcomes can improve decisions only if reusable rights and labels exist.",Customer data rights and transition execution,Net revenue per customer; verified tasks completed per support hour; AI contribution margin,E0,,no company-specific source reviewed,low,analyst structural prior; not evidence-validated,87.0,5,4,4,4,5,4,NOT_ASSESSED,,,,,P2,RESEARCH_ONLY,2026-09-11
C039,Constellation Software,I02,,Canada,Information Technology,Portfolio of niche vertical software customer relationships,"AI can perform more bookkeeping, payroll, compliance or industry-specific administration inside the existing workflow.","Domain-specific systems of record, transaction context and implementation knowledge outcomes can improve decisions only if reusable rights and labels exist.",Decentralized products vary widely in AI readiness and exposure,Net revenue per customer; verified tasks completed per support hour; AI contribution margin,E0,,no company-specific source reviewed,low,analyst structural prior; not evidence-validated,79.0,4,3,4,4,5,4,NOT_ASSESSED,,,,,P2,RESEARCH_ONLY,2026-09-11
C040,ADP,I02,,United States,Information Technology,"Payroll, employer distribution and regulatory workflows","AI can perform more bookkeeping, payroll, compliance or industry-specific administration inside the existing workflow.","Domain-specific systems of record, transaction context and implementation knowledge outcomes can improve decisions only if reusable rights and labels exist.",Error liability and pricing of automated administration,Net revenue per customer; verified tasks completed per support hour; AI contribution margin,E0,,no company-specific source reviewed,low,analyst structural prior; not evidence-validated,83.0,4,4,4,4,5,4,NOT_ASSESSED,,,,,P2,RESEARCH_ONLY,2026-09-11
C041,SAP,I03,,Germany,Information Technology,"Enterprise processes, permissions and systems of record",AI agents can coordinate transactions across enterprise workflows with existing authorization and audit controls.,"Business process definitions, permissions, integrations and systems of record outcomes can improve decisions only if reusable rights and labels exist.",Third-party agents could capture the user relationship,End-to-end task completion; AI net new contract value; total customer spend after seat changes,E2,S08,company-specific description,limited,analyst structural prior; not evidence-validated,91.0,5,4,4,4,5,5,NOT_ASSESSED,,,,,P1,RESEARCH_ONLY,2026-09-11
C042,ServiceNow,I03,,United States,Information Technology,"Service workflows, permissions and enterprise integrations",AI agents can coordinate transactions across enterprise workflows with existing authorization and audit controls.,"Business process definitions, permissions, integrations and systems of record outcomes can improve decisions only if reusable rights and labels exist.",AI spend may substitute for seats or invite competing orchestration,End-to-end task completion; AI net new contract value; total customer spend after seat changes,E0,,no company-specific source reviewed,low,analyst structural prior; not evidence-validated,87.0,4,4,4,4,5,5,NOT_ASSESSED,,,,,P2,RESEARCH_ONLY,2026-09-11
C043,Salesforce,I03,,United States,Information Technology,Customer workflows and installed CRM distribution,AI agents can coordinate transactions across enterprise workflows with existing authorization and audit controls.,"Business process definitions, permissions, integrations and systems of record outcomes can improve decisions only if reusable rights and labels exist.",Customer-owned data and seat cannibalization,End-to-end task completion; AI net new contract value; total customer spend after seat changes,E0,,no company-specific source reviewed,low,analyst structural prior; not evidence-validated,83.0,4,4,4,4,5,4,NOT_ASSESSED,,,,,P2,RESEARCH_ONLY,2026-09-11
C044,Synopsys,I04,,United States,Information Technology,"Chip design, verification and engineering toolchains",AI can explore design spaces and generate candidate implementations while deterministic tools validate constraints.,"Solvers, design-rule knowledge, verified toolchains and workflow integration outcomes can improve decisions only if reusable rights and labels exist.","Compute cost, integration complexity and customer IP restrictions",Engineer hours per verified design; first-pass signoff; paid AI attach,E1,S16,company-specific description,limited,analyst structural prior; not evidence-validated,95.0,5,5,4,4,5,5,NOT_ASSESSED,,,,,P2,RESEARCH_ONLY,2026-09-11
C045,Cadence Design Systems,I04,,United States,Information Technology,Design and verification toolchains and solver expertise,AI can explore design spaces and generate candidate implementations while deterministic tools validate constraints.,"Solvers, design-rule knowledge, verified toolchains and workflow integration outcomes can improve decisions only if reusable rights and labels exist.",Pricing may not capture all customer engineering savings,Engineer hours per verified design; first-pass signoff; paid AI attach,E0,,no company-specific source reviewed,low,analyst structural prior; not evidence-validated,95.0,5,5,4,4,5,5,NOT_ASSESSED,,,,,P2,RESEARCH_ONLY,2026-09-11
C046,Dassault Systèmes,I04,,France,Information Technology,Engineering workflows and digital product models,AI can explore design spaces and generate candidate implementations while deterministic tools validate constraints.,"Solvers, design-rule knowledge, verified toolchains and workflow integration outcomes can improve decisions only if reusable rights and labels exist.",Complex implementations and customer data permissions,Engineer hours per verified design; first-pass signoff; paid AI attach,E0,,no company-specific source reviewed,low,analyst structural prior; not evidence-validated,83.0,4,4,4,4,5,4,NOT_ASSESSED,,,,,P2,RESEARCH_ONLY,2026-09-11
C047,Autodesk,I04,,United States,Information Technology,"Design files, creation workflows and professional distribution",AI can explore design spaces and generate candidate implementations while deterministic tools validate constraints.,"Solvers, design-rule knowledge, verified toolchains and workflow integration outcomes can improve decisions only if reusable rights and labels exist.",Agents may reduce seat demand and software differentiation,Engineer hours per verified design; first-pass signoff; paid AI attach,E0,,no company-specific source reviewed,low,analyst structural prior; not evidence-validated,83.0,4,4,4,4,5,4,NOT_ASSESSED,,,,,P2,RESEARCH_ONLY,2026-09-11
C048,TSMC,I05,,Taiwan,Information Technology,"Process expertise, yield learning and foundry customer relationships","AI can improve defect detection, equipment uptime and process-window search.","Process recipes, yield histories, metrology and installed production equipment outcomes can improve decisions only if reusable rights and labels exist.",Geopolitical concentration and capital intensity,Yield at equivalent node and product; good dies per tool-hour; unplanned downtime,E0,,no company-specific source reviewed,low,analyst structural prior; not evidence-validated,89.0,5,5,4,3,5,4,NOT_ASSESSED,,,,,P2,RESEARCH_ONLY,2026-09-11
C049,ASML,I05,,Netherlands,Information Technology,"Lithography systems, installed-base service and engineering know-how","AI can improve defect detection, equipment uptime and process-window search.","Process recipes, yield histories, metrology and installed production equipment outcomes can improve decisions only if reusable rights and labels exist.",Export constraints and customer capital-spending cycles,Yield at equivalent node and product; good dies per tool-hour; unplanned downtime,E0,,no company-specific source reviewed,low,analyst structural prior; not evidence-validated,85.0,5,4,4,3,5,4,NOT_ASSESSED,,,,,P2,RESEARCH_ONLY,2026-09-11
C050,Applied Materials,I05,,United States,Information Technology,Process equipment and service relationships,"AI can improve defect detection, equipment uptime and process-window search.","Process recipes, yield histories, metrology and installed production equipment outcomes can improve decisions only if reusable rights and labels exist.",Cyclicality and restricted customer process data,Yield at equivalent node and product; good dies per tool-hour; unplanned downtime,E0,,no company-specific source reviewed,low,analyst structural prior; not evidence-validated,81.0,4,4,4,3,5,4,NOT_ASSESSED,,,,,P2,RESEARCH_ONLY,2026-09-11
C051,KLA,I05,,United States,Information Technology,Inspection and metrology workflows,"AI can improve defect detection, equipment uptime and process-window search.","Process recipes, yield histories, metrology and installed production equipment outcomes can improve decisions only if reusable rights and labels exist.",Node transitions and customer capex confound productivity claims,Yield at equivalent node and product; good dies per tool-hour; unplanned downtime,E0,,no company-specific source reviewed,low,analyst structural prior; not evidence-validated,91.0,5,5,4,4,5,4,NOT_ASSESSED,,,,,P2,RESEARCH_ONLY,2026-09-11
C052,Microsoft,I06,I03,United States,Information Technology,"Enterprise distribution, cloud and developer ecosystem",AI can improve internal engineering and customer products while platform distribution enables deployment.,"Cloud infrastructure, developer ecosystems, distribution and operating datasets outcomes can improve decisions only if reusable rights and labels exist.","Compute spending, cannibalization and returns on AI infrastructure",Cash return on incremental AI infrastructure; cost per completed task; non-AI segment productivity,E0,,no company-specific source reviewed,low,analyst structural prior; not evidence-validated,95.0,5,5,4,4,5,5,NOT_ASSESSED,,,,,P2,RESEARCH_ONLY,2026-09-11
C053,Amazon,I06,C01;D03,United States,Information Technology,"Cloud, retail fulfillment and operating feedback",AI can improve internal engineering and customer products while platform distribution enables deployment.,"Cloud infrastructure, developer ecosystems, distribution and operating datasets outcomes can improve decisions only if reusable rights and labels exist.",Retail productivity and cloud AI capital returns must be separated,Cash return on incremental AI infrastructure; cost per completed task; non-AI segment productivity,E1,S21,company-specific description,limited,analyst structural prior; not evidence-validated,98.0,5,5,5,4,5,5,NOT_ASSESSED,,,,,P1,RESEARCH_ONLY,2026-09-11
C054,Alphabet,I06,T02,United States,Information Technology,"Search distribution, advertising feedback and cloud infrastructure",AI can improve internal engineering and customer products while platform distribution enables deployment.,"Cloud infrastructure, developer ecosystems, distribution and operating datasets outcomes can improve decisions only if reusable rights and labels exist.",AI may cannibalize profitable search while adding compute cost,Cash return on incremental AI infrastructure; cost per completed task; non-AI segment productivity,E0,,no company-specific source reviewed,low,analyst structural prior; not evidence-validated,94.0,5,5,5,4,5,4,NOT_ASSESSED,,,,,P2,RESEARCH_ONLY,2026-09-11
C055,Accenture,I07,,Ireland,Information Technology,Enterprise relationships and transformation delivery expertise,AI can reduce the labor required for delivery and increase project throughput.,"Implementation expertise, customer access and operational delivery knowledge outcomes can improve decisions only if reusable rights and labels exist.",Fewer billable hours and client insourcing,Gross profit per project; revenue and profit per delivery employee; outcome-contract share,E0,,no company-specific source reviewed,low,analyst structural prior; not evidence-validated,67.0,3,3,4,4,5,2,NOT_ASSESSED,,,,,P2,RESEARCH_ONLY,2026-09-11
C056,Tata Consultancy Services,I07,,India,Information Technology,Large delivery organization and customer process knowledge,AI can reduce the labor required for delivery and increase project throughput.,"Implementation expertise, customer access and operational delivery knowledge outcomes can improve decisions only if reusable rights and labels exist.",Labor-arbitrage economics may weaken as coding automates,Gross profit per project; revenue and profit per delivery employee; outcome-contract share,E0,,no company-specific source reviewed,low,analyst structural prior; not evidence-validated,67.0,3,3,4,4,5,2,NOT_ASSESSED,,,,,P2,RESEARCH_ONLY,2026-09-11
C057,Palo Alto Networks,I08,,United States,Information Technology,Security platform distribution and threat-response workflows,"AI can triage incidents, correlate signals and accelerate response while attackers also use AI.","Threat telemetry, endpoint distribution, response workflows and security expertise outcomes can improve decisions only if reusable rights and labels exist.","Bundling, integration and AI-enabled attacks",False positives at fixed detection rate; analyst hours per incident; net retention,E0,,no company-specific source reviewed,low,analyst structural prior; not evidence-validated,87.0,4,5,4,4,5,4,NOT_ASSESSED,,,,,P2,RESEARCH_ONLY,2026-09-11
C058,CrowdStrike,I08,,United States,Information Technology,Endpoint telemetry and security operations workflows,"AI can triage incidents, correlate signals and accelerate response while attackers also use AI.","Threat telemetry, endpoint distribution, response workflows and security expertise outcomes can improve decisions only if reusable rights and labels exist.",Correlated service failures and adversarial adaptation,False positives at fixed detection rate; analyst hours per incident; net retention,E1,S22,company-specific description,limited,analyst structural prior; not evidence-validated,90.0,4,5,5,4,5,4,NOT_ASSESSED,,,,,P2,RESEARCH_ONLY,2026-09-11
C059,Siemens,D01,I04,Germany,Industrials,"Industrial controls, engineering software and installed equipment","AI can improve commissioning, anomaly detection and energy optimization across existing equipment.","Installed controls, engineering channels, operational telemetry and service expertise outcomes can improve decisions only if reusable rights and labels exist.",Customer integration costs and data access limit scale,Commissioning hours; unplanned downtime per operating hour; recurring software attach,E2,S20,company-specific description,limited,analyst structural prior; not evidence-validated,87.0,5,4,4,4,5,4,NOT_ASSESSED,,,,,P1,RESEARCH_ONLY,2026-09-11
C060,Schneider Electric,D01,I04;U01,France,Industrials,Power-management installed base and industrial software channels,"AI can improve commissioning, anomaly detection and energy optimization across existing equipment.","Installed controls, engineering channels, operational telemetry and service expertise outcomes can improve decisions only if reusable rights and labels exist.",AI infrastructure demand can obscure actual operating productivity,Commissioning hours; unplanned downtime per operating hour; recurring software attach,E0,,no company-specific source reviewed,low,analyst structural prior; not evidence-validated,83.0,4,4,4,4,5,4,NOT_ASSESSED,,,,,P1,RESEARCH_ONLY,2026-09-11
C061,ABB,D01,,Switzerland,Industrials,Electrification and automation installed base,"AI can improve commissioning, anomaly detection and energy optimization across existing equipment.","Installed controls, engineering channels, operational telemetry and service expertise outcomes can improve decisions only if reusable rights and labels exist.",Business perimeter and customer deployment vary by division,Commissioning hours; unplanned downtime per operating hour; recurring software attach,E0,,no company-specific source reviewed,low,analyst structural prior; not evidence-validated,83.0,4,4,4,4,5,4,NOT_ASSESSED,,,,,P2,RESEARCH_ONLY,2026-09-11
C062,Deere,D02,I03,United States,Industrials,"Agricultural machines, dealer distribution and field workflows","Computer vision and autonomy can reduce inputs, operator burden and idle time.","Equipment fleets, dealer networks, field telemetry and work-cycle knowledge outcomes can improve decisions only if reusable rights and labels exist.","Farm economics, interoperability and paid adoption",Input cost per acre at equal yield; tonnes per machine-hour; paid software renewals,E0,,no company-specific source reviewed,low,analyst structural prior; not evidence-validated,91.0,5,5,4,4,5,4,NOT_ASSESSED,,,,,P1,RESEARCH_ONLY,2026-09-11
C063,Caterpillar,D02,,United States,Industrials,"Equipment fleets, dealers and service relationships","Computer vision and autonomy can reduce inputs, operator burden and idle time.","Equipment fleets, dealer networks, field telemetry and work-cycle knowledge outcomes can improve decisions only if reusable rights and labels exist.",Commodity cycles and customer-owned operational data,Input cost per acre at equal yield; tonnes per machine-hour; paid software renewals,E0,,no company-specific source reviewed,low,analyst structural prior; not evidence-validated,81.0,4,4,4,3,5,4,NOT_ASSESSED,,,,,P2,RESEARCH_ONLY,2026-09-11
C064,Komatsu,D02,,Japan,Industrials,Construction and mining machinery and fleet knowledge,"Computer vision and autonomy can reduce inputs, operator burden and idle time.","Equipment fleets, dealer networks, field telemetry and work-cycle knowledge outcomes can improve decisions only if reusable rights and labels exist.",Hardware cycles and difficult field validation,Input cost per acre at equal yield; tonnes per machine-hour; paid software renewals,E0,,no company-specific source reviewed,low,analyst structural prior; not evidence-validated,81.0,4,4,4,3,5,4,NOT_ASSESSED,,,,,P2,RESEARCH_ONLY,2026-09-11
C065,DHL Group,D03,,Germany,Industrials,Shipment networks and route-level operating knowledge,"AI can improve routing, load matching, maintenance and network placement.","Route density, shipment flows, depot networks and asset histories outcomes can improve decisions only if reusable rights and labels exist.",Price competition and labor contracts pass savings through,Cost per delivered unit at fixed service level; empty miles; asset utilization,E0,,no company-specific source reviewed,low,analyst structural prior; not evidence-validated,79.0,4,4,4,4,5,3,NOT_ASSESSED,,,,,P2,RESEARCH_ONLY,2026-09-11
C066,UPS,D03,,United States,Industrials,Parcel network density and delivery history,"AI can improve routing, load matching, maintenance and network placement.","Route density, shipment flows, depot networks and asset histories outcomes can improve decisions only if reusable rights and labels exist.",Volume changes and labor costs dominate unit economics,Cost per delivered unit at fixed service level; empty miles; asset utilization,E0,,no company-specific source reviewed,low,analyst structural prior; not evidence-validated,79.0,4,4,4,4,5,3,NOT_ASSESSED,,,,,P2,RESEARCH_ONLY,2026-09-11
C067,Canadian National Railway,D03,,Canada,Industrials,Rail network and maintenance records,"AI can improve routing, load matching, maintenance and network placement.","Route density, shipment flows, depot networks and asset histories outcomes can improve decisions only if reusable rights and labels exist.",Safety constraints and traffic mix limit automation,Cost per delivered unit at fixed service level; empty miles; asset utilization,E0,,no company-specific source reviewed,low,analyst structural prior; not evidence-validated,73.0,4,3,4,3,5,3,NOT_ASSESSED,,,,,P2,RESEARCH_ONLY,2026-09-11
C068,Safran,D04,,France,Industrials,Civil engine and aircraft-equipment service knowledge,"AI can improve engineering, inspection and predictive maintenance while certification constrains deployment.","Certified designs, fleet-service records, engineering expertise and installed engines outcomes can improve decisions only if reusable rights and labels exist.",Long-tail engineering liabilities and certification,Unscheduled removals per flight-hour; time on wing; service margin at equal contract mix,E0,,no company-specific source reviewed,low,analyst structural prior; not evidence-validated,83.0,5,4,4,2,5,4,NOT_ASSESSED,,,,,P2,RESEARCH_ONLY,2026-09-11
C069,GE Aerospace,D04,,United States,Industrials,Engine fleet and service contract experience,"AI can improve engineering, inspection and predictive maintenance while certification constrains deployment.","Certified designs, fleet-service records, engineering expertise and installed engines outcomes can improve decisions only if reusable rights and labels exist.",Lower maintenance may reduce billable work under some contracts,Unscheduled removals per flight-hour; time on wing; service margin at equal contract mix,E0,,no company-specific source reviewed,low,analyst structural prior; not evidence-validated,83.0,5,4,4,2,5,4,NOT_ASSESSED,,,,,P2,RESEARCH_ONLY,2026-09-11
C070,Waste Management,D05,,United States,Industrials,"Local route density, disposal assets and commercial contracts","AI can improve dispatch, sorting, service planning and customer support.","Local route density, asset records and recurring commercial contracts outcomes can improve decisions only if reusable rights and labels exist.",Automation capex and municipal repricing,Cost per stop or tonne; contamination rate; contract contribution margin,E0,,no company-specific source reviewed,low,analyst structural prior; not evidence-validated,73.0,4,3,4,3,5,3,NOT_ASSESSED,,,,,P2,RESEARCH_ONLY,2026-09-11
C071,Cintas,D05,,United States,Industrials,Recurring service routes and customer relationships,"AI can improve dispatch, sorting, service planning and customer support.","Local route density, asset records and recurring commercial contracts outcomes can improve decisions only if reusable rights and labels exist.",Much of the work remains physical and labor-intensive,Cost per stop or tonne; contamination rate; contract contribution margin,E0,,no company-specific source reviewed,low,analyst structural prior; not evidence-validated,66.0,3,3,3,3,5,3,NOT_ASSESSED,,,,,P2,RESEARCH_ONLY,2026-09-11
C072,Linde,M01,E01,United States,Materials,Industrial gas process plants and long customer contracts,"AI can propose formulations and optimize process conditions, improving experiment throughput and resource intensity.","Formulation libraries, application expertise, process plants and customer qualification outcomes can improve decisions only if reusable rights and labels exist.",Contract pass-through and energy prices determine retention,Qualified products per R&D euro; energy per tonne at equal quality; plant uptime,E0,,no company-specific source reviewed,low,analyst structural prior; not evidence-validated,81.0,4,4,4,3,5,4,NOT_ASSESSED,,,,,P1,RESEARCH_ONLY,2026-09-11
C073,BASF,M01,,Germany,Materials,"Chemical processes, formulation knowledge and integrated plants","AI can propose formulations and optimize process conditions, improving experiment throughput and resource intensity.","Formulation libraries, application expertise, process plants and customer qualification outcomes can improve decisions only if reusable rights and labels exist.",Commodity exposure and energy disadvantage can overwhelm AI,Qualified products per R&D euro; energy per tonne at equal quality; plant uptime,E0,,no company-specific source reviewed,low,analyst structural prior; not evidence-validated,69.0,4,3,4,3,5,2,NOT_ASSESSED,,,,,P2,RESEARCH_ONLY,2026-09-11
C074,dsm-firmenich,M01,,Switzerland,Materials,"Nutrition, fragrance and formulation expertise","AI can propose formulations and optimize process conditions, improving experiment throughput and resource intensity.","Formulation libraries, application expertise, process plants and customer qualification outcomes can improve decisions only if reusable rights and labels exist.","Integration, customer qualification and changing business perimeter",Qualified products per R&D euro; energy per tonne at equal quality; plant uptime,E0,,no company-specific source reviewed,low,analyst structural prior; not evidence-validated,81.0,4,4,4,3,5,4,NOT_ASSESSED,,,,,P2,RESEARCH_ONLY,2026-09-11
C075,Rio Tinto,M02,,United Kingdom,Materials,Orebody knowledge and large mining operations,"AI can improve grade control, ore sorting and maintenance, raising recoverable output from existing assets.","Orebody knowledge, geological records, equipment fleets and processing plants outcomes can improve decisions only if reusable rights and labels exist.","Grade, commodity prices and project execution dominate",Recovery at fixed head grade; cost per recovered unit; availability,E0,,no company-specific source reviewed,low,analyst structural prior; not evidence-validated,73.0,4,3,4,3,5,3,NOT_ASSESSED,,,,,P2,RESEARCH_ONLY,2026-09-11
C076,BHP,M02,,Australia,Materials,Resource assets and processing operations,"AI can improve grade control, ore sorting and maintenance, raising recoverable output from existing assets.","Orebody knowledge, geological records, equipment fleets and processing plants outcomes can improve decisions only if reusable rights and labels exist.","Commodity cycles, royalties and sustaining capital",Recovery at fixed head grade; cost per recovered unit; availability,E0,,no company-specific source reviewed,low,analyst structural prior; not evidence-validated,73.0,4,3,4,3,5,3,NOT_ASSESSED,,,,,P2,RESEARCH_ONLY,2026-09-11
C077,Alibaba,C01,I06,China,Consumer Discretionary,"Commerce distribution, merchants and operating data","AI can improve matching, inventory allocation and merchandising while reducing seller or service work.","Transaction histories, seller networks, customer access and fulfillment or merchandising systems outcomes can improve decisions only if reusable rights and labels exist.","Governance, competition and regulatory constraints",Contribution per order after fulfillment; inventory turns at fixed availability; seller retention,E0,,no company-specific source reviewed,low,analyst structural prior; not evidence-validated,87.0,5,4,4,4,5,4,NOT_ASSESSED,,,,,P2,RESEARCH_ONLY,2026-09-11
C078,MercadoLibre,C01,F04,Uruguay,Consumer Discretionary,"Commerce, logistics and payment relationships","AI can improve matching, inventory allocation and merchandising while reducing seller or service work.","Transaction histories, seller networks, customer access and fulfillment or merchandising systems outcomes can improve decisions only if reusable rights and labels exist.","Credit losses, currency and subsidized growth",Contribution per order after fulfillment; inventory turns at fixed availability; seller retention,E0,,no company-specific source reviewed,low,analyst structural prior; not evidence-validated,94.0,5,5,5,4,5,4,NOT_ASSESSED,,,,,P2,RESEARCH_ONLY,2026-09-11
C079,Inditex,C01,,Spain,Consumer Discretionary,"Merchandising, store network and inventory feedback","AI can improve matching, inventory allocation and merchandising while reducing seller or service work.","Transaction histories, seller networks, customer access and fulfillment or merchandising systems outcomes can improve decisions only if reusable rights and labels exist.",Brand demand and inventory discipline may explain gains without AI,Contribution per order after fulfillment; inventory turns at fixed availability; seller retention,E0,,no company-specific source reviewed,low,analyst structural prior; not evidence-validated,83.0,4,4,4,4,5,4,NOT_ASSESSED,,,,,P2,RESEARCH_ONLY,2026-09-11
C080,Uber,C02,,United States,Consumer Discretionary,"Mobility demand, matching and driver-market density","AI can improve matching, itinerary planning and support, increasing utilization and conversion.","Demand density, supply relationships, transaction context and booking infrastructure outcomes can improve decisions only if reusable rights and labels exist.",Autonomous fleet owners or agents may capture economics,Contribution per trip or booking; repeat use; support cost per completed transaction,E0,,no company-specific source reviewed,low,analyst structural prior; not evidence-validated,91.0,5,5,4,4,5,4,NOT_ASSESSED,,,,,P2,RESEARCH_ONLY,2026-09-11
C081,Booking Holdings,C02,,United States,Consumer Discretionary,"Travel demand, supplier relationships and conversion history","AI can improve matching, itinerary planning and support, increasing utilization and conversion.","Demand density, supply relationships, transaction context and booking infrastructure outcomes can improve decisions only if reusable rights and labels exist.",AI agents may bypass discovery and reduce commissions,Contribution per trip or booking; repeat use; support cost per completed transaction,E0,,no company-specific source reviewed,low,analyst structural prior; not evidence-validated,87.0,5,4,4,4,5,4,NOT_ASSESSED,,,,,P2,RESEARCH_ONLY,2026-09-11
C082,Amadeus IT Group,C02,I02,Spain,Consumer Discretionary,Travel reservations and airline operating workflows,"AI can improve matching, itinerary planning and support, increasing utilization and conversion.","Demand density, supply relationships, transaction context and booking infrastructure outcomes can improve decisions only if reusable rights and labels exist.",Airline bargaining power and distribution change,Contribution per trip or booking; repeat use; support cost per completed transaction,E0,,no company-specific source reviewed,low,analyst structural prior; not evidence-validated,87.0,5,4,4,4,5,4,NOT_ASSESSED,,,,,P2,RESEARCH_ONLY,2026-09-11
C083,Toyota Motor,C03,,Japan,Consumer Discretionary,Manufacturing knowledge and global service network,"AI can improve design, production quality and service diagnostics. Autonomous driving is a separate capital-intensive thesis.","Manufacturing expertise, engineering data, vehicle fleets and service distribution outcomes can improve decisions only if reusable rights and labels exist.","Product mix, EV competition and software execution",Warranty cost per comparable vehicle; engineering hours per validated platform; factory yield,E0,,no company-specific source reviewed,low,analyst structural prior; not evidence-validated,73.0,4,3,4,3,5,3,NOT_ASSESSED,,,,,P2,RESEARCH_ONLY,2026-09-11
C084,BMW,C03,,Germany,Consumer Discretionary,"Premium vehicles, engineering and manufacturing knowledge","AI can improve design, production quality and service diagnostics. Autonomous driving is a separate capital-intensive thesis.","Manufacturing expertise, engineering data, vehicle fleets and service distribution outcomes can improve decisions only if reusable rights and labels exist.",Geographic competitiveness and price pressure can outweigh savings,Warranty cost per comparable vehicle; engineering hours per validated platform; factory yield,E0,,no company-specific source reviewed,low,analyst structural prior; not evidence-validated,69.0,4,3,4,3,5,2,NOT_ASSESSED,,,,,P2,RESEARCH_ONLY,2026-09-11
C085,Nike,C04,,United States,Consumer Discretionary,"Brand, product archive and distribution",AI can improve demand forecasting and product iteration while reducing marketing production cost.,"Brand equity, product archives, direct customer relationships and distribution outcomes can improve decisions only if reusable rights and labels exist.",Brand relevance and channel strategy overwhelm generic AI tools,Full-price sell-through; inventory turns; contribution after marketing,E0,,no company-specific source reviewed,low,analyst structural prior; not evidence-validated,66.0,3,3,3,3,5,3,NOT_ASSESSED,,,,,P2,RESEARCH_ONLY,2026-09-11
C086,LVMH,C04,,France,Consumer Discretionary,"Scarce brands, design history and customer relationships",AI can improve demand forecasting and product iteration while reducing marketing production cost.,"Brand equity, product archives, direct customer relationships and distribution outcomes can improve decisions only if reusable rights and labels exist.",AI content may dilute scarcity and luxury demand remains cyclical,Full-price sell-through; inventory turns; contribution after marketing,E0,,no company-specific source reviewed,low,analyst structural prior; not evidence-validated,70.0,3,3,3,3,5,4,NOT_ASSESSED,,,,,P2,RESEARCH_ONLY,2026-09-11
C087,Unilever,S01,,United Kingdom,Consumer Staples,"Brands, formulations and distribution","AI can improve formulation, demand planning and plant operations.","Formulation know-how, brands, distribution and manufacturing networks outcomes can improve decisions only if reusable rights and labels exist.",Retailer bargaining and promotions absorb savings,Waste and energy per unit; launch success by cohort; contribution after trade spend,E0,,no company-specific source reviewed,low,analyst structural prior; not evidence-validated,73.0,4,3,4,3,5,3,NOT_ASSESSED,,,,,P2,RESEARCH_ONLY,2026-09-11
C088,Nestlé,S01,,Switzerland,Consumer Staples,"Food research, brands and manufacturing networks","AI can improve formulation, demand planning and plant operations.","Formulation know-how, brands, distribution and manufacturing networks outcomes can improve decisions only if reusable rights and labels exist.",Product execution and input prices dominate small AI gains,Waste and energy per unit; launch success by cohort; contribution after trade spend,E0,,no company-specific source reviewed,low,analyst structural prior; not evidence-validated,73.0,4,3,4,3,5,3,NOT_ASSESSED,,,,,P2,RESEARCH_ONLY,2026-09-11
C089,Procter & Gamble,S01,,United States,Consumer Staples,"Consumer brands, process knowledge and retail distribution","AI can improve formulation, demand planning and plant operations.","Formulation know-how, brands, distribution and manufacturing networks outcomes can improve decisions only if reusable rights and labels exist.",Savings may flow into trade spending and price competition,Waste and energy per unit; launch success by cohort; contribution after trade spend,E0,,no company-specific source reviewed,low,analyst structural prior; not evidence-validated,77.0,4,3,4,3,5,4,NOT_ASSESSED,,,,,P2,RESEARCH_ONLY,2026-09-11
C090,Walmart,S02,,United States,Consumer Staples,"Store network, purchase data and fulfillment capacity","AI can improve replenishment, reduce spoilage and support store labor productivity.","Store networks, inventory flows, purchase histories and customer relationships outcomes can improve decisions only if reusable rights and labels exist.",Low-price strategy intentionally shares productivity with customers,Waste at equal availability; labor hours per basket; member renewal,E2,S11,company-specific description,limited,analyst structural prior; not evidence-validated,90.0,5,5,5,4,5,3,NOT_ASSESSED,,,,,P2,RESEARCH_ONLY,2026-09-11
C091,Costco,S02,,United States,Consumer Staples,Membership and warehouse distribution,"AI can improve replenishment, reduce spoilage and support store labor productivity.","Store networks, inventory flows, purchase histories and customer relationships outcomes can improve decisions only if reusable rights and labels exist.",Deliberate low markups limit direct margin capture,Waste at equal availability; labor hours per basket; member renewal,E0,,no company-specific source reviewed,low,analyst structural prior; not evidence-validated,72.0,4,3,3,4,5,3,NOT_ASSESSED,,,,,P2,RESEARCH_ONLY,2026-09-11
C092,Deutsche Telekom,T01,,Germany,Communication Services,Network infrastructure and subscriber relationships,"AI can optimize network energy, fault resolution and service operations.","Network telemetry, spectrum, customer relationships and local infrastructure outcomes can improve decisions only if reusable rights and labels exist.","Tariff competition, subsidiaries and regulation dilute capture",Energy per traffic unit; fault repair time; cash cost per subscriber,E0,,no company-specific source reviewed,low,analyst structural prior; not evidence-validated,73.0,4,3,4,3,5,3,NOT_ASSESSED,,,,,P2,RESEARCH_ONLY,2026-09-11
C093,Singtel,T01,,Singapore,Communication Services,Regional connectivity and enterprise relationships,"AI can optimize network energy, fault resolution and service operations.","Network telemetry, spectrum, customer relationships and local infrastructure outcomes can improve decisions only if reusable rights and labels exist.",Business mix and affiliated operators complicate attribution,Energy per traffic unit; fault repair time; cash cost per subscriber,E0,,no company-specific source reviewed,low,analyst structural prior; not evidence-validated,69.0,3,3,4,3,5,3,NOT_ASSESSED,,,,,P2,RESEARCH_ONLY,2026-09-11
C094,Meta Platforms,T02,,United States,Communication Services,Audience distribution and advertising feedback,AI can improve recommendations and advertiser tools while lowering some production costs.,"Audience access, engagement signals, content libraries and recommendation systems outcomes can improve decisions only if reusable rights and labels exist.","Ad saturation, privacy and growing compute costs",Incremental advertiser conversion; retention; contribution after content and compute costs,E0,,no company-specific source reviewed,low,analyst structural prior; not evidence-validated,94.0,5,5,5,4,5,4,NOT_ASSESSED,,,,,P2,RESEARCH_ONLY,2026-09-11
C095,Netflix,T02,,United States,Communication Services,Audience relationships and viewing feedback,AI can improve recommendations and advertiser tools while lowering some production costs.,"Audience access, engagement signals, content libraries and recommendation systems outcomes can improve decisions only if reusable rights and labels exist.",Content economics and creative quality dominate recommendation gains,Incremental advertiser conversion; retention; contribution after content and compute costs,E0,,no company-specific source reviewed,low,analyst structural prior; not evidence-validated,83.0,4,4,4,4,5,4,NOT_ASSESSED,,,,,P2,RESEARCH_ONLY,2026-09-11
C096,Shell,E01,,United Kingdom,Energy,"Energy assets, subsurface knowledge and operating history","AI can improve reservoir interpretation, drilling decisions and predictive maintenance.","Subsurface records, engineering workflows, operating assets and customer deployment channels outcomes can improve decisions only if reusable rights and labels exist.",Commodity prices and capital allocation dominate outcomes,Nonproductive rig time; recovery or production at fixed geology; cost per unit,E0,,no company-specific source reviewed,low,analyst structural prior; not evidence-validated,73.0,4,3,4,3,5,3,NOT_ASSESSED,,,,,P2,RESEARCH_ONLY,2026-09-11
C097,SLB,E01,,United States,Energy,Subsurface workflows and energy-service relationships,"AI can improve reservoir interpretation, drilling decisions and predictive maintenance.","Subsurface records, engineering workflows, operating assets and customer deployment channels outcomes can improve decisions only if reusable rights and labels exist.",Customers may retain AI savings through contract repricing,Nonproductive rig time; recovery or production at fixed geology; cost per unit,E0,,no company-specific source reviewed,low,analyst structural prior; not evidence-validated,81.0,4,4,4,3,5,4,NOT_ASSESSED,,,,,P2,RESEARCH_ONLY,2026-09-11
C098,Iberdrola,U01,,Spain,Utilities,"Grid, renewable assets and operating data","AI can improve load forecasting, maintenance and dispatch or leakage management.","Grid or network telemetry, physical assets and local service obligations outcomes can improve decisions only if reusable rights and labels exist.",Regulatory sharing and capital requirements limit retained gains,Outage duration; network losses; controllable operating cost per customer,E0,,no company-specific source reviewed,low,analyst structural prior; not evidence-validated,69.0,4,3,4,3,5,2,NOT_ASSESSED,,,,,P2,RESEARCH_ONLY,2026-09-11
C099,Prologis,R01,,United States,Real Estate,Logistics property locations and tenant relationships,"AI can improve maintenance, leasing support and energy management. Data-center rent growth is an AI-demand thesis with different economics.","Locations, tenant relationships, building systems and operating scale outcomes can improve decisions only if reusable rights and labels exist.",Lease structure can transfer energy savings to tenants,Same-property NOI at fixed occupancy; owner-retained energy savings; leasing cost,E0,,no company-specific source reviewed,low,analyst structural prior; not evidence-validated,62.0,3,3,3,3,5,2,NOT_ASSESSED,,,,,P2,RESEARCH_ONLY,2026-09-11
C100,CBRE Group,R02,,United States,Real Estate,Facilities workflows and property-service relationships,"AI can improve building operations, valuation support and service delivery using property-specific context.","Transaction observations, facilities operations and client workflows outcomes can improve decisions only if reusable rights and labels exist.",Client data rights and property cycles obscure AI profit,Contribution per facilities contract; work-order resolution cost; client renewal,E1,S13,company-specific description,limited,analyst structural prior; not evidence-validated,75.0,4,3,4,4,5,3,NOT_ASSESSED,,,,,P2,RESEARCH_ONLY,2026-09-11
